{
  "optimal_threshold": 0.71,
  "model_type": "RandomForest_with_SMOTE",
  "performance": {
    "precision": 0.9506172839506173,
    "recall": 0.7857142857142857,
    "f1_score": 0.8603351955307262,
    "roc_auc": 0.972660511869351
  },
  "business_metrics": {
    "fraud_detection_rate": 78.57142857142857,
    "false_alarm_rate": 0.007034327518289252,
    "net_benefit": 3575
  },
  "training_date": "2025-09-18 08:43:40"
}